id,MAE,limit
ActionButton,0.21,0.5
FavoriteCard,0.83,1.2
home-collection,0.61,0.9
lab,0.33,0.6
mesh-color-badhex,0.00,0.1
mesh-color-control,0.00,0.1
mesh-color-double-hash,0.00,0.1
mesh-color-eight-bad,0.00,0.1
mesh-color-eight-mid,0.00,0.1
mesh-color-eight-minus,0.00,0.1
mesh-color-eight-prefix,0.00,0.1
mesh-color-eight-space,0.00,0.1
mesh-color-eight-tail,0.00,0.1
mesh-color-empty,0.00,0.1
mesh-color-five,0.00,0.1
mesh-color-hash-only,0.00,0.1
mesh-color-lower,0.00,0.1
mesh-color-mid-hash,0.00,0.1
mesh-color-minus,0.00,0.1
mesh-color-nine,0.00,0.1
mesh-color-no-hash,0.00,0.1
mesh-color-plus,0.00,0.1
mesh-color-prefix,0.00,0.1
mesh-color-rgba,0.00,0.1
mesh-color-rgba-half,0.00,0.1
mesh-color-seven,0.00,0.1
mesh-color-short-bad,0.00,0.1
mesh-color-short-minus,0.00,0.1
mesh-color-six-mid,0.00,0.1
mesh-color-six-minus-one,0.00,0.1
mesh-color-space,0.00,0.1
mesh-color-trailing-hash,0.00,0.1
mesh-color-word,0.00,0.1
mesh-color-zerox,0.00,0.1
mesh-m2x2@1x,0.38,0.4
mesh-m2x2@2x,0.38,0.4
mesh-m3x3@1x,0.37,0.4
mesh-m3x3@2x,0.37,0.4
mesh-m4x3@1x,0.38,0.4
mesh-m4x3@2x,0.38,0.4
mesh-malformed-booleans@1x,0.62,0.7
mesh-malformed-booleans@2x,0.60,0.7
mesh-malformed-control@1x,0.33,0.4
mesh-malformed-control@2x,0.31,0.4
mesh-malformed-long-handle@1x,0.33,0.4
mesh-malformed-long-handle@2x,0.30,0.4
mesh-malformed-long@1x,0.33,0.4
mesh-malformed-long@2x,0.31,0.4
mesh-malformed-no-position@1x,0.35,0.4
mesh-malformed-no-position@2x,0.34,0.4
mesh-malformed-null-number@1x,0.35,0.4
mesh-malformed-null-number@2x,0.34,0.4
mesh-malformed-null@1x,0.35,0.4
mesh-malformed-null@2x,0.34,0.4
mesh-malformed-string@1x,0.35,0.4
mesh-malformed-string@2x,0.34,0.4
mesh-malpha@1x,0.25,0.3
mesh-malpha@2x,0.23,0.3
mesh-mbw@1x,0.37,0.4
mesh-mbw@2x,0.37,0.4
mesh-mcurve@1x,0.38,0.4
mesh-mcurve@2x,0.38,0.4
mesh-mfold@1x,0.33,0.3
mesh-mfold@2x,0.37,0.4
mesh-mwarp@1x,0.36,0.4
mesh-mwarp@2x,0.36,0.4
pencil-home-collection,0.86,1.3
pencil-home-collection-dark,0.89,1.3
pencil-lab,0.53,0.8
pencil-lab-dark,0.64,1.0
pencil-ratings,1.06,1.6
pencil-ratings-dark,0.98,1.5
pencil-settings,0.44,0.7
pencil-settings-compact,0.44,0.7
pencil-settings-compact-dark,0.47,0.7
pencil-settings-dark,0.47,0.7
pencil-usage-log,0.70,1.1
pencil-usage-log-dark,0.73,1.1
pencil-wishlist,1.80,2.7
pencil-wishlist-dark,1.67,2.5
PencilListItem,1.16,1.7
ratings,0.55,0.8
react-blur1,0.70,1.0
react-blur2,0.84,1.1
react-blur3,6.07,6.6
react-icon-paint-gradient,0.27,0.5
react-icon-paint-image,0.27,0.5
react-layout-absolute,0.20,1.0
react-layout-align-center,0.15,1.0
react-layout-align-end,0.11,1.0
react-layout-align-start,0.11,1.0
react-layout-deep-nesting,0.11,1.0
react-layout-fill-container,0.17,1.0
react-layout-fill-fallback,0.04,1.0
react-layout-fit-content,0.22,1.0
react-layout-fit-content-fallback,0.00,1.0
react-layout-gap,0.24,1.0
react-layout-horizontal,0.19,1.0
react-layout-justify-center,0.18,1.0
react-layout-justify-end,0.16,1.0
react-layout-justify-space-around,0.21,1.1
react-layout-justify-space-between,0.20,1.0
react-layout-justify-start,0.16,1.0
react-layout-mixed-fill,0.23,1.0
react-layout-multi-fill,0.30,1.1
react-layout-nested,0.14,1.0
react-layout-padding-2val,0.18,1.0
react-layout-padding-4val,0.19,1.0
react-layout-padding-uniform,0.17,1.0
react-layout-single-child,0.87,1.9
react-layout-text-auto-beside-fill,1.06,1.6
react-layout-text-auto-overflow,1.20,1.7
react-layout-text-chips,2.64,3.1
react-layout-text-fill-beside-fit,1.50,2.0
react-layout-text-fixed-width-wrap,0.96,1.5
react-layout-text-list-row,1.30,1.8
react-layout-text-two-fill,0.80,1.3
react-layout-text-vertical-fill,1.23,1.7
react-layout-vertical,0.14,1.0
react-layout-zero-children,0.00,1.0
react-paint-ellipse-lin-h-outer,0.16,0.4
react-paint-frame-perside-lin-h-outer,0.01,0.3
react-paint-frame-perside-lin-h-unset,0.02,0.3
react-paint-frame-perside-uv-radius,0.03,0.3
react-paint-path-lin-h-center,0.03,0.3
react-paint-path-uv-center,0.03,0.3
react-paint-rect-grad-opacity,0.03,0.3
react-paint-rect-lin-h-center,0.02,0.3
react-paint-rect-lin-h-inner,0.02,0.3
react-paint-rect-lin-h-outer,0.01,0.3
react-paint-rect-lin-h-outer-radius,0.04,0.3
react-paint-rect-lin-v-outer,0.01,0.3
react-paint-rect-radial-center,0.01,0.3
react-paint-rect-stack,0.04,0.3
react-paint-rect-uv-fit-outer,0.00,0.2
react-paint-rect-uv-inner,0.02,0.3
react-paint-rect-uv-outer,0.00,0.2
react-paint-twin-lin-h,0.19,0.4
react-paint-txt-lin-h-fixed-center,0.04,0.3
react-paint-txt-lin-h-fixed-left,0.06,0.3
react-parser-icon-font,0.41,0.9
react-render-angular-shapes-arc-stroke,0.09,1.1
react-render-angular-shapes-donut-fill,0.16,1.1
react-render-angular-shapes-line,0.04,1.0
react-render-angular-shapes-path-fill,0.10,1.0
react-render-angular-shapes-path-stroke-inner,0.06,1.0
react-render-angular-shapes-path-stroke-outer,0.06,1.0
react-render-angular-shapes-poly-fill,0.14,1.0
react-render-angular-shapes-poly-stroke,0.07,1.0
react-render-arc-donut-half-thin,0.23,1.1
react-render-arc-donut-negative,0.05,1.1
react-render-arc-donut-quarter,0.05,1.0
react-render-arc-donut-stroked,0.07,1.1
react-render-arc-donut-three-quarter,0.13,1.1
react-render-background-blur-flip,5.36,5.9
react-render-background-blur-layer-blur,0.14,1.2
react-render-background-blur-no-fill,0.00,1.0
react-render-background-blur-r8,1.70,2.2
react-render-fill-domains-arc-h,0.03,1.0
react-render-fill-domains-arc-v,0.03,1.0
react-render-fill-domains-curve-v,0.11,1.1
react-render-fill-domains-donut-h,0.11,1.1
react-render-fill-domains-donut-radial,0.13,1.1
react-render-fill-domains-donut-v,0.12,1.1
react-render-fill-domains-evenodd-h,0.08,1.1
react-render-fill-domains-hexagon-h,0.08,1.1
react-render-fill-domains-triangle-v,0.04,1.0
react-render-fill-domains-viewbox-h,0.03,1.0
react-render-font-faces-instrumentserif-italic,1.63,2.1
react-render-font-faces-inter-italic,1.33,1.8
react-render-font-faces-lora-italic,1.81,2.3
react-render-font-faces-plexmono-400,1.49,2.0
react-render-font-faces-plexmono-700,1.42,1.9
react-render-font-faces-plexmono-700-italic,1.51,2.0
react-render-font-faces-plexmono-italic,1.58,2.1
react-render-font-faces-spectral-400,1.30,1.8
react-render-font-faces-spectral-700,1.23,1.7
react-render-font-faces-spectral-italic,1.57,2.1
react-render-gradient-geometry-ang-sq-r0,0.20,1.1
react-render-gradient-geometry-ang-sq-r210,0.20,1.1
react-render-gradient-geometry-ang-sq-r45,0.20,1.1
react-render-gradient-geometry-ang-sq-r45-size,0.22,1.1
react-render-gradient-geometry-ang-sq-r90,0.20,1.1
react-render-gradient-geometry-ang-tall-r0,0.23,1.1
react-render-gradient-geometry-ang-tall-r210,0.23,1.1
react-render-gradient-geometry-ang-tall-r45,0.23,1.1
react-render-gradient-geometry-ang-tall-r90,0.23,1.1
react-render-gradient-geometry-ang-wide-r0,0.25,1.1
react-render-gradient-geometry-ang-wide-r0-stops,0.26,1.0
react-render-gradient-geometry-ang-wide-r210,0.25,1.1
react-render-gradient-geometry-ang-wide-r45,0.25,1.1
react-render-gradient-geometry-ang-wide-r45-center,0.23,1.1
react-render-gradient-geometry-ang-wide-r90,0.25,1.1
react-render-gradient-geometry-lin-sq-r0,0.12,1.1
react-render-gradient-geometry-lin-sq-r135,0.10,1.1
react-render-gradient-geometry-lin-sq-r135-stops,0.13,1.1
react-render-gradient-geometry-lin-sq-r210,0.10,1.1
react-render-gradient-geometry-lin-sq-r45,0.10,1.1
react-render-gradient-geometry-lin-sq-r90,0.11,1.1
react-render-gradient-geometry-lin-tall-r0,0.10,1.1
react-render-gradient-geometry-lin-tall-r135,0.11,1.1
react-render-gradient-geometry-lin-tall-r210,0.13,1.1
react-render-gradient-geometry-lin-tall-r30-size,0.14,1.1
react-render-gradient-geometry-lin-tall-r45,0.11,1.1
react-render-gradient-geometry-lin-tall-r90,0.13,1.1
react-render-gradient-geometry-lin-wide-r0,0.14,1.1
react-render-gradient-geometry-lin-wide-r135,0.11,1.1
react-render-gradient-geometry-lin-wide-r210,0.13,1.1
react-render-gradient-geometry-lin-wide-r30-center,0.12,1.1
react-render-gradient-geometry-lin-wide-r315-center-size,0.11,1.1
react-render-gradient-geometry-lin-wide-r45,0.11,1.1
react-render-gradient-geometry-lin-wide-r90,0.10,1.1
react-render-gradient-geometry-rad-sq-r30-center-size,0.09,1.1
react-render-gradient-geometry-rad-wide-r45-size,0.22,1.2
react-render-gradients-gradient-extras,0.05,1.0
react-render-gradients-render-gradients,0.17,1.1
react-render-group-shadows-group-child-shadow,1.12,1.2
react-render-group-shadows-group-frame-child,6.50,7.0
react-render-group-shadows-group-inner,6.74,7.2
react-render-group-shadows-group-nested,1.56,2.1
react-render-group-shadows-group-outer,0.48,1.2
react-render-group-shadows-group-stroke-path,1.61,2.1
react-render-group-shadows-group-translucent,7.15,7.7
react-render-inner-shadow-shapes-arc,0.07,1.2
react-render-inner-shadow-shapes-blended,0.02,1.3
react-render-inner-shadow-shapes-donut,0.12,0.6
react-render-inner-shadow-shapes-gradient-fill,0.15,1.2
react-render-inner-shadow-shapes-icon-both,0.29,0.8
react-render-inner-shadow-shapes-icon-lucide,0.05,0.6
react-render-inner-shadow-shapes-icon-material,0.05,0.6
react-render-inner-shadow-shapes-path-stroked,0.03,1.1
react-render-inner-shadow-shapes-path-viewbox,0.03,1.3
react-render-inner-shadow-shapes-polygon,0.04,1.2
react-render-inner-shadow-shapes-two-shadows,0.02,1.2
react-render-inner-sides-col,0.00,1.0
react-render-inner-sides-col-center,0.00,1.0
react-render-inner-sides-col-padded,0.00,1.0
react-render-inner-sides-none,0.00,1.0
react-render-inner-sides-row-center,0.00,1.0
react-render-inner-sides-uniform,0.00,1.0
react-render-mesh-colors-badhex,0.00,1.0
react-render-mesh-colors-control,0.00,1.0
react-render-mesh-colors-double-hash,0.00,1.0
react-render-mesh-colors-eight-bad,0.00,1.0
react-render-mesh-colors-eight-mid,0.00,1.0
react-render-mesh-colors-eight-minus,0.00,1.0
react-render-mesh-colors-eight-prefix,0.00,1.0
react-render-mesh-colors-eight-space,0.00,1.0
react-render-mesh-colors-eight-tail,0.00,1.0
react-render-mesh-colors-empty,0.00,1.0
react-render-mesh-colors-five,0.00,1.0
react-render-mesh-colors-hash-only,0.00,1.0
react-render-mesh-colors-lower,0.00,1.0
react-render-mesh-colors-mid-hash,0.00,1.0
react-render-mesh-colors-minus,0.00,1.0
react-render-mesh-colors-nine,0.00,1.0
react-render-mesh-colors-no-hash,0.00,1.0
react-render-mesh-colors-plus,0.00,1.0
react-render-mesh-colors-prefix,0.00,1.0
react-render-mesh-colors-rgba,0.00,1.0
react-render-mesh-colors-rgba-half,0.00,1.0
react-render-mesh-colors-seven,0.00,1.0
react-render-mesh-colors-short-bad,0.00,1.0
react-render-mesh-colors-short-minus,0.00,1.0
react-render-mesh-colors-six-mid,0.00,1.0
react-render-mesh-colors-six-minus-one,0.00,1.0
react-render-mesh-colors-space,0.00,1.0
react-render-mesh-colors-trailing-hash,0.00,1.0
react-render-mesh-colors-word,0.00,1.0
react-render-mesh-colors-zerox,0.00,1.0
react-render-mesh-gradients-m2x2,0.38,1.4
react-render-mesh-gradients-m3x3,0.37,1.4
react-render-mesh-gradients-m4x3,0.38,1.4
react-render-mesh-gradients-malpha,0.23,1.2
react-render-mesh-gradients-mbw,0.37,1.4
react-render-mesh-gradients-mcurve,0.38,1.4
react-render-mesh-gradients-mfold,0.37,1.4
react-render-mesh-gradients-mwarp,0.36,1.4
react-render-mesh-malformed-points-booleans,0.60,1.6
react-render-mesh-malformed-points-control,0.31,1.3
react-render-mesh-malformed-points-long,0.31,1.3
react-render-mesh-malformed-points-long-handle,0.30,1.3
react-render-mesh-malformed-points-no-position,0.34,1.3
react-render-mesh-malformed-points-null,0.34,1.3
react-render-mesh-malformed-points-null-number,0.34,1.3
react-render-mesh-malformed-points-numeric-strings,0.00,1.0
react-render-mesh-malformed-points-short,0.00,1.0
react-render-mesh-malformed-points-short-handle,0.00,1.0
react-render-mesh-malformed-points-string,0.34,1.3
react-render-mesh-malformed-points-string-position,0.00,1.0
react-render-painted-lines-fill-degenerate,16.30,17.3
react-render-painted-lines-fill-gradients,0.02,1.0
react-render-painted-lines-fill-stack,0.01,1.0
react-render-painted-lines-fixed,0.01,1.0
react-render-per-side-shapes-ellip-inner,0.21,1.1
react-render-per-side-shapes-ellip-notop,0.01,1.0
react-render-per-side-shapes-ellip-outer,0.18,1.2
react-render-per-side-shapes-ellip-top12,0.28,1.2
react-render-per-side-shapes-ellip-top2,0.28,1.2
react-render-per-side-shapes-line-top12,0.00,1.0
react-render-per-side-shapes-pathx-inner,0.01,1.0
react-render-per-side-shapes-pathx-outer,0.03,1.0
react-render-per-side-shapes-pathx-top12,0.05,1.0
react-render-per-side-shapes-pathx-top2,0.04,1.0
react-render-per-side-shapes-polyg-inner,0.04,1.0
react-render-per-side-shapes-polyg-outer,0.04,1.0
react-render-per-side-shapes-polyg-top12,0.07,1.1
react-render-per-side-shapes-polyg-top2,0.09,1.1
react-render-per-side-strokes-corners-center,0.34,1.0
react-render-per-side-strokes-corners-inner,0.02,1.0
react-render-per-side-strokes-corners-outer,0.74,1.0
react-render-per-side-strokes-even-center,0.00,1.0
react-render-per-side-strokes-even-inner,0.00,1.0
react-render-per-side-strokes-even-outer,0.00,1.0
react-render-per-side-strokes-even-unset,0.00,1.0
react-render-per-side-strokes-mixed-center,0.00,1.0
react-render-per-side-strokes-mixed-inner,0.00,1.0
react-render-per-side-strokes-mixed-outer,0.00,1.0
react-render-per-side-strokes-mixed-unset,0.00,1.0
react-render-per-side-strokes-radius-center,0.34,1.0
react-render-per-side-strokes-radius-inner,0.03,1.0
react-render-per-side-strokes-radius-outer,0.73,1.0
react-render-per-side-strokes-radius-unset,0.34,1.0
react-render-per-side-strokes-rect-inner,0.00,1.0
react-render-per-side-strokes-rect-outer,0.00,1.0
react-render-per-side-strokes-sides-center,0.00,1.0
react-render-per-side-strokes-sides-inner,0.00,1.0
react-render-per-side-strokes-sides-outer,0.00,1.0
react-render-per-side-strokes-sides-unset,0.00,1.0
react-render-per-side-strokes-small-radius-center,0.19,1.0
react-render-per-side-strokes-top-center,0.00,1.0
react-render-per-side-strokes-top-inner,0.00,1.0
react-render-per-side-strokes-top-outer,0.00,1.0
react-render-per-side-strokes-top-unset,0.00,1.0
react-render-rotated-free-rrect,0.01,0.5
react-render-rotated-free-rtxta,0.08,0.6
react-render-rotated-free-rtxtf,0.08,0.6
react-render-rotated-free-rtxts,0.10,0.6
react-render-shadows-inner-ellipse,0.45,1.2
react-render-shadows-inner-under-child,0.63,1.3
react-render-shadows-inner-under-stroke,0.38,1.1
react-render-shadows-outer-and-inner,0.74,1.2
react-render-shadows-outer-frame-children,0.36,1.1
react-render-shadows-outer-translucent,0.26,1.1
react-render-shadows-two-outer,0.43,1.2
react-render-sizeless-frames-clip,0.00,1.0
react-render-sizeless-frames-explicit,0.00,1.0
react-render-sizeless-frames-fitflex,0.00,1.0
react-render-sizeless-frames-flex,0.64,1.0
react-render-sizeless-frames-paint,0.02,1.0
react-render-sizeless-frames-plain,0.00,1.0
react-render-stroke-bands-box-center,0.47,1.2
react-render-stroke-bands-box-inner,0.42,1.2
react-render-stroke-bands-box-outer,0.51,1.2
react-render-stroke-bands-center,0.03,1.0
react-render-stroke-bands-inner,0.00,1.0
react-render-stroke-bands-rect-center,0.00,1.0
react-render-stroke-bands-rect-outer,0.05,1.0
react-render-strokes-and-paths,0.03,1.0
react-render-text,0.79,1.3
react-render-text-line-height-auto-tight,0.70,1.2
react-render-text-line-height-fixed-middle,0.57,1.1
react-render-text-line-height-loose-wrap,0.75,1.2
react-render-text-line-height-stacked,0.78,1.3
react-render-text-line-height-tight-wrap,0.96,1.5
react-render-text-shadows-text-inner,5.09,5.6
react-render-text-shadows-text-inner-outer,3.78,4.3
react-render-text-shadows-text-inner-soft,3.02,3.5
react-render-text-shadows-text-inner-translucent,7.36,7.9
react-render-text-shadows-text-inner-unfilled,9.64,10.1
react-render-text-shadows-text-inner-wrap,3.84,4.3
react-render-transforms-and-effects,0.63,1.1
react-render-turned-fill-col-both-60,0.05,1.0
react-render-turned-fill-col-cross-30,0.01,1.0
react-render-turned-fill-col-main-30,0.07,1.0
react-render-turned-fill-col-main-90,0.00,1.0
react-render-turned-fill-row-both-30,0.10,1.0
react-render-turned-fill-row-cross-30,0.04,1.0
react-render-turned-fill-row-cross-90,0.00,1.0
react-render-turned-fill-row-cross-fit-30,3.71,4.2
react-render-turned-fill-row-main-30,0.10,1.0
react-render-turned-fill-row-main-90,0.00,1.0
react-render-turned-fill-row-main-center-30,0.12,1.0
react-render-turned-fill-row-main-two-30,0.06,1.0
react-render-unstroked-lines-fill,0.00,1.0
react-render-unstroked-lines-fixed,0.00,1.0
react-text-natural-line-height,0.07,0.6
react-transform-FlippedCard-disabled,0.01,0.3
react-transform-FlippedCard-rest,0.01,0.3
react-transform-FlippedCard-variantBoard,0.01,0.3
react-transform-TurnedCard-disabled,0.03,0.3
react-transform-TurnedCard-rest,0.01,0.3
react-transform-TurnedCard-variantBoard,0.03,0.3
react-transform-TurnFlipCard-disabled,0.04,0.3
react-transform-TurnFlipCard-rest,0.01,0.3
react-transform-TurnFlipCard-variantBoard,0.04,0.3
react-unfilled-bad-hex,0.33,0.6
react-unfilled-control,0.33,0.6
react-unfilled-disabled,0.00,0.2
react-unfilled-disabled-gradient,0.00,0.2
react-unfilled-disabled-then-solid,0.33,0.6
react-unfilled-empty-list,0.00,0.2
react-unfilled-missing-variable,0.33,0.6
react-unfilled-no-fill,0.00,0.2
react-unfilled-transparent,0.00,0.2
settings,0.41,0.7
StatCard,3.04,4.6
StatusBar,0.07,0.3
swiftui-blur1,7.95,8.4
swiftui-blur2,8.35,8.8
swiftui-blur3,10.38,10.9
swiftui-codegen-slots-Card,0.98,1.5
swiftui-codegen-slots-DefaultCard,0.44,0.7
swiftui-codegen-slots-FilledCard,1.08,1.6
swiftui-codegen-slots-FilledPanel,0.38,0.6
swiftui-codegen-slots-HeaderPanel,0.40,0.7
swiftui-codegen-slots-Panel,0.22,0.5
swiftui-codegen-slots-ProfileCard,0.39,0.6
swiftui-codegen-slots-SlotButton,1.20,2.4
swiftui-codegen-slots-UploadButton,0.47,0.7
swiftui-codegen-states-Chip,2.70,3.2
swiftui-codegen-states-Chip-selected,4.15,4.7
swiftui-codegen-states-MoreLink,5.01,5.5
swiftui-codegen-states-SortSelect,0.89,1.4
swiftui-codegen-states-SortSelect-open,0.59,1.1
swiftui-codegen-states-StatesButton,0.96,1.5
swiftui-codegen-states-StatesButton-disabled,0.67,1.2
swiftui-codegen-states-StatesButton-hover,0.81,1.3
swiftui-codegen-states-StatesButton-pressed,1.05,1.6
swiftui-codegen-states-Switch,0.89,1.4
swiftui-codegen-states-Switch-off,0.88,1.4
swiftui-layout-absolute,0.00,1.0
swiftui-layout-align-center,0.00,1.0
swiftui-layout-align-end,0.00,1.0
swiftui-layout-align-start,0.00,1.0
swiftui-layout-deep-nesting,0.00,1.0
swiftui-layout-fill-container,0.00,1.0
swiftui-layout-fill-fallback,0.00,1.0
swiftui-layout-fit-content,0.00,1.0
swiftui-layout-fit-content-fallback,0.00,1.0
swiftui-layout-gap,0.00,1.0
swiftui-layout-horizontal,0.00,1.0
swiftui-layout-justify-center,0.00,1.0
swiftui-layout-justify-end,0.00,1.0
swiftui-layout-justify-space-around,0.19,1.1
swiftui-layout-justify-space-between,0.00,1.0
swiftui-layout-justify-start,0.00,1.0
swiftui-layout-mixed-fill,0.00,1.0
swiftui-layout-multi-fill,0.10,1.1
swiftui-layout-nested,0.00,1.0
swiftui-layout-padding-2val,0.00,1.0
swiftui-layout-padding-4val,0.00,1.0
swiftui-layout-padding-uniform,0.00,1.0
swiftui-layout-single-child,0.87,1.9
swiftui-layout-text-auto-beside-fill,0.55,1.6
swiftui-layout-text-auto-overflow,1.94,3.0
swiftui-layout-text-chips,0.75,1.8
swiftui-layout-text-fill-beside-fit,1.81,2.8
swiftui-layout-text-fixed-width-wrap,1.37,2.4
swiftui-layout-text-list-row,1.76,2.8
swiftui-layout-text-two-fill,1.29,2.3
swiftui-layout-text-vertical-fill,1.74,2.8
swiftui-layout-vertical,0.00,1.0
swiftui-layout-zero-children,0.00,1.0
swiftui-parser-icon-font,0.17,0.7
swiftui-render-arc-donut-half-thin,0.12,1.1
swiftui-render-arc-donut-negative,0.04,1.1
swiftui-render-arc-donut-quarter,0.03,1.0
swiftui-render-arc-donut-stroked,0.08,1.1
swiftui-render-arc-donut-three-quarter,0.22,1.1
swiftui-render-background-blur-flip,29.32,29.8
swiftui-render-background-blur-layer-blur,0.11,1.2
swiftui-render-background-blur-no-fill,0.00,1.0
swiftui-render-background-blur-r8,25.62,26.1
swiftui-render-fill-domains-arc-h,0.04,1.0
swiftui-render-fill-domains-arc-v,0.04,1.0
swiftui-render-fill-domains-curve-v,0.15,1.1
swiftui-render-fill-domains-donut-h,0.14,1.1
swiftui-render-fill-domains-donut-radial,0.15,1.1
swiftui-render-fill-domains-donut-v,0.15,1.1
swiftui-render-fill-domains-evenodd-h,0.11,1.1
swiftui-render-fill-domains-hexagon-h,0.10,1.1
swiftui-render-fill-domains-triangle-v,0.06,1.0
swiftui-render-fill-domains-viewbox-h,0.04,1.0
swiftui-render-free-groups-blur,0.02,1.1
swiftui-render-free-groups-flex,0.00,1.0
swiftui-render-free-groups-flexrot,0.01,1.0
swiftui-render-free-groups-flip,0.01,1.0
swiftui-render-free-groups-neg,0.00,1.0
swiftui-render-free-groups-nest,0.00,1.0
swiftui-render-free-groups-pos,0.00,1.0
swiftui-render-free-groups-rot,0.01,1.0
swiftui-render-free-groups-shadow,0.57,1.0
swiftui-render-gradient-geometry-ang-sq-r0,0.14,1.1
swiftui-render-gradient-geometry-ang-sq-r210,0.14,1.1
swiftui-render-gradient-geometry-ang-sq-r45,0.14,1.1
swiftui-render-gradient-geometry-ang-sq-r45-size,0.14,1.1
swiftui-render-gradient-geometry-ang-sq-r90,0.14,1.1
swiftui-render-gradient-geometry-ang-tall-r0,0.13,1.1
swiftui-render-gradient-geometry-ang-tall-r210,0.13,1.1
swiftui-render-gradient-geometry-ang-tall-r45,0.13,1.1
swiftui-render-gradient-geometry-ang-tall-r90,0.13,1.1
swiftui-render-gradient-geometry-ang-wide-r0,0.14,1.1
swiftui-render-gradient-geometry-ang-wide-r0-stops,0.09,1.0
swiftui-render-gradient-geometry-ang-wide-r210,0.14,1.1
swiftui-render-gradient-geometry-ang-wide-r45,0.14,1.1
swiftui-render-gradient-geometry-ang-wide-r45-center,0.14,1.1
swiftui-render-gradient-geometry-ang-wide-r90,0.14,1.1
swiftui-render-gradient-geometry-lin-sq-r0,0.13,1.1
swiftui-render-gradient-geometry-lin-sq-r135,0.13,1.1
swiftui-render-gradient-geometry-lin-sq-r135-stops,0.09,1.1
swiftui-render-gradient-geometry-lin-sq-r210,0.13,1.1
swiftui-render-gradient-geometry-lin-sq-r45,0.13,1.1
swiftui-render-gradient-geometry-lin-sq-r90,0.14,1.1
swiftui-render-gradient-geometry-lin-tall-r0,0.13,1.1
swiftui-render-gradient-geometry-lin-tall-r135,0.12,1.1
swiftui-render-gradient-geometry-lin-tall-r210,0.12,1.1
swiftui-render-gradient-geometry-lin-tall-r30-size,0.10,1.1
swiftui-render-gradient-geometry-lin-tall-r45,0.12,1.1
swiftui-render-gradient-geometry-lin-tall-r90,0.13,1.1
swiftui-render-gradient-geometry-lin-wide-r0,0.13,1.1
swiftui-render-gradient-geometry-lin-wide-r135,0.13,1.1
swiftui-render-gradient-geometry-lin-wide-r210,0.13,1.1
swiftui-render-gradient-geometry-lin-wide-r30-center,0.12,1.1
swiftui-render-gradient-geometry-lin-wide-r315-center-size,0.11,1.1
swiftui-render-gradient-geometry-lin-wide-r45,0.12,1.1
swiftui-render-gradient-geometry-lin-wide-r90,0.13,1.1
swiftui-render-gradient-geometry-rad-sq-r30-center-size,0.07,1.1
swiftui-render-gradient-geometry-rad-wide-r45-size,0.08,1.2
swiftui-render-gradients-gradient-extras,0.08,1.0
swiftui-render-gradients-render-gradients,0.13,1.1
swiftui-render-group-shadows-group-child-shadow,0.15,1.2
swiftui-render-group-shadows-group-frame-child,0.05,1.1
swiftui-render-group-shadows-group-inner,0.27,1.3
swiftui-render-group-shadows-group-nested,0.31,1.3
swiftui-render-group-shadows-group-outer,0.20,1.2
swiftui-render-group-shadows-group-stroke-path,0.05,1.0
swiftui-render-group-shadows-group-translucent,0.11,1.1
swiftui-render-image-crops-contain-ellipse-zoom,0.02,1.0
swiftui-render-image-crops-contain-opacity-right-half,0.00,1.0
swiftui-render-image-crops-contain-tall-larger-than-image,0.00,1.0
swiftui-render-image-crops-contain-tall-none,0.00,1.0
swiftui-render-image-crops-contain-tall-quarter-turn,0.01,1.1
swiftui-render-image-crops-contain-tall-right-half,0.00,1.0
swiftui-render-image-crops-contain-tall-sheared,0.00,1.0
swiftui-render-image-crops-contain-tall-shifted-past-edge,0.00,1.0
swiftui-render-image-crops-contain-tall-zoom-center,0.00,1.0
swiftui-render-image-crops-contain-wide-larger-than-image,0.00,1.0
swiftui-render-image-crops-contain-wide-none,0.00,1.0
swiftui-render-image-crops-contain-wide-quarter-turn,0.00,1.0
swiftui-render-image-crops-contain-wide-right-half,0.00,1.0
swiftui-render-image-crops-contain-wide-sheared,0.05,1.1
swiftui-render-image-crops-contain-wide-shifted-past-edge,0.00,1.0
swiftui-render-image-crops-contain-wide-zoom-center,0.01,1.0
swiftui-render-image-crops-cover-ellipse-shifted,0.04,1.1
swiftui-render-image-crops-cover-stroke-zoom,0.00,1.0
swiftui-render-image-crops-cover-tall-larger-than-image,0.01,1.0
swiftui-render-image-crops-cover-tall-none,0.01,1.0
swiftui-render-image-crops-cover-tall-quarter-turn,0.00,1.0
swiftui-render-image-crops-cover-tall-right-half,0.01,1.0
swiftui-render-image-crops-cover-tall-sheared,0.00,1.0
swiftui-render-image-crops-cover-tall-shifted-past-edge,0.00,1.0
swiftui-render-image-crops-cover-tall-zoom-center,0.00,1.0
swiftui-render-image-crops-cover-wide-larger-than-image,0.01,1.1
swiftui-render-image-crops-cover-wide-none,0.01,1.1
swiftui-render-image-crops-cover-wide-quarter-turn,0.01,1.0
swiftui-render-image-crops-cover-wide-right-half,0.01,1.0
swiftui-render-image-crops-cover-wide-sheared,0.01,1.1
swiftui-render-image-crops-cover-wide-shifted-past-edge,0.00,1.1
swiftui-render-image-crops-cover-wide-zoom-center,0.01,1.1
swiftui-render-image-crops-missing-wide-none,0.01,1.1
swiftui-render-image-crops-missing-wide-zoom-center,0.01,1.1
swiftui-render-image-crops-stretch-tall-larger-than-image,0.01,1.0
swiftui-render-image-crops-stretch-tall-none,0.00,1.0
swiftui-render-image-crops-stretch-tall-quarter-turn,0.01,1.0
swiftui-render-image-crops-stretch-tall-right-half,0.00,1.0
swiftui-render-image-crops-stretch-tall-sheared,0.01,1.0
swiftui-render-image-crops-stretch-tall-shifted-past-edge,0.00,1.0
swiftui-render-image-crops-stretch-tall-zoom-center,0.00,1.0
swiftui-render-image-crops-stretch-wide-larger-than-image,0.00,1.0
swiftui-render-image-crops-stretch-wide-none,0.01,1.1
swiftui-render-image-crops-stretch-wide-quarter-turn,0.01,1.0
swiftui-render-image-crops-stretch-wide-right-half,0.01,1.0
swiftui-render-image-crops-stretch-wide-sheared,0.01,1.1
swiftui-render-image-crops-stretch-wide-shifted-past-edge,0.00,1.0
swiftui-render-image-crops-stretch-wide-zoom-center,0.01,1.0
swiftui-render-inner-shadow-shapes-arc,0.19,1.2
swiftui-render-inner-shadow-shapes-blended,0.18,1.3
swiftui-render-inner-shadow-shapes-donut,0.36,1.4
swiftui-render-inner-shadow-shapes-gradient-fill,0.23,1.2
swiftui-render-inner-shadow-shapes-icon-both,0.21,1.4
swiftui-render-inner-shadow-shapes-icon-lucide,0.17,1.7
swiftui-render-inner-shadow-shapes-icon-material,0.12,1.5
swiftui-render-inner-shadow-shapes-path-stroked,0.06,1.1
swiftui-render-inner-shadow-shapes-path-viewbox,0.23,1.3
swiftui-render-inner-shadow-shapes-polygon,0.19,1.2
swiftui-render-inner-shadow-shapes-two-shadows,0.21,1.2
swiftui-render-mesh-colors-badhex,0.10,1.0
swiftui-render-mesh-colors-control,0.10,1.0
swiftui-render-mesh-colors-double-hash,0.00,1.0
swiftui-render-mesh-colors-eight-bad,0.00,1.0
swiftui-render-mesh-colors-eight-mid,0.00,1.0
swiftui-render-mesh-colors-eight-minus,0.09,1.0
swiftui-render-mesh-colors-eight-prefix,0.00,1.0
swiftui-render-mesh-colors-eight-space,0.00,1.0
swiftui-render-mesh-colors-eight-tail,0.00,1.0
swiftui-render-mesh-colors-empty,0.00,1.0
swiftui-render-mesh-colors-five,0.00,1.0
swiftui-render-mesh-colors-hash-only,0.00,1.0
swiftui-render-mesh-colors-lower,0.00,1.0
swiftui-render-mesh-colors-mid-hash,0.00,1.0
swiftui-render-mesh-colors-minus,0.13,1.0
swiftui-render-mesh-colors-nine,0.00,1.0
swiftui-render-mesh-colors-no-hash,0.10,1.0
swiftui-render-mesh-colors-plus,0.14,1.0
swiftui-render-mesh-colors-prefix,0.14,1.0
swiftui-render-mesh-colors-rgba,0.00,1.0
swiftui-render-mesh-colors-rgba-half,0.00,1.0
swiftui-render-mesh-colors-seven,0.00,1.0
swiftui-render-mesh-colors-short-bad,0.10,1.0
swiftui-render-mesh-colors-short-minus,0.10,1.0
swiftui-render-mesh-colors-six-mid,0.10,1.0
swiftui-render-mesh-colors-six-minus-one,0.09,1.0
swiftui-render-mesh-colors-space,0.14,1.0
swiftui-render-mesh-colors-trailing-hash,0.00,1.0
swiftui-render-mesh-colors-word,0.20,1.0
swiftui-render-mesh-colors-zerox,0.10,1.0
swiftui-render-mesh-gradients-m2x2,0.46,1.4
swiftui-render-mesh-gradients-m3x3,0.46,1.4
swiftui-render-mesh-gradients-m4x3,0.45,1.4
swiftui-render-mesh-gradients-malpha,0.18,1.2
swiftui-render-mesh-gradients-mbw,0.45,1.4
swiftui-render-mesh-gradients-mcurve,0.46,1.4
swiftui-render-mesh-gradients-mfold,0.83,1.4
swiftui-render-mesh-gradients-mwarp,0.46,1.4
swiftui-render-painted-lines-fill-degenerate,16.25,17.3
swiftui-render-painted-lines-fill-gradients,0.02,1.0
swiftui-render-painted-lines-fill-stack,0.01,1.0
swiftui-render-painted-lines-fixed,0.01,1.0
swiftui-render-per-side-shapes-ellip-inner,0.08,1.1
swiftui-render-per-side-shapes-ellip-notop,0.01,1.0
swiftui-render-per-side-shapes-ellip-outer,0.10,1.2
swiftui-render-per-side-shapes-ellip-top12,0.11,1.2
swiftui-render-per-side-shapes-ellip-top2,0.12,1.2
swiftui-render-per-side-shapes-line-top12,0.00,1.0
swiftui-render-per-side-shapes-pathx-inner,0.02,1.0
swiftui-render-per-side-shapes-pathx-outer,0.04,1.0
swiftui-render-per-side-shapes-pathx-top12,0.06,1.0
swiftui-render-per-side-shapes-pathx-top2,0.05,1.0
swiftui-render-per-side-shapes-polyg-inner,0.03,1.0
swiftui-render-per-side-shapes-polyg-outer,0.02,1.0
swiftui-render-per-side-shapes-polyg-top12,0.11,1.1
swiftui-render-per-side-shapes-polyg-top2,0.12,1.1
swiftui-render-per-side-strokes-corners-center,0.03,1.0
swiftui-render-per-side-strokes-corners-inner,0.02,1.0
swiftui-render-per-side-strokes-corners-outer,0.03,1.0
swiftui-render-per-side-strokes-even-center,0.00,1.0
swiftui-render-per-side-strokes-even-inner,0.00,1.0
swiftui-render-per-side-strokes-even-outer,0.00,1.0
swiftui-render-per-side-strokes-even-unset,0.00,1.0
swiftui-render-per-side-strokes-mixed-center,0.00,1.0
swiftui-render-per-side-strokes-mixed-inner,0.00,1.0
swiftui-render-per-side-strokes-mixed-outer,0.00,1.0
swiftui-render-per-side-strokes-mixed-unset,0.00,1.0
swiftui-render-per-side-strokes-radius-center,0.03,1.0
swiftui-render-per-side-strokes-radius-inner,0.02,1.0
swiftui-render-per-side-strokes-radius-outer,0.03,1.0
swiftui-render-per-side-strokes-radius-unset,0.03,1.0
swiftui-render-per-side-strokes-rect-inner,0.00,1.0
swiftui-render-per-side-strokes-rect-outer,0.00,1.0
swiftui-render-per-side-strokes-sides-center,0.00,1.0
swiftui-render-per-side-strokes-sides-inner,0.00,1.0
swiftui-render-per-side-strokes-sides-outer,0.00,1.0
swiftui-render-per-side-strokes-sides-unset,0.00,1.0
swiftui-render-per-side-strokes-small-radius-center,0.01,1.0
swiftui-render-per-side-strokes-top-center,0.00,1.0
swiftui-render-per-side-strokes-top-inner,0.00,1.0
swiftui-render-per-side-strokes-top-outer,0.00,1.0
swiftui-render-per-side-strokes-top-unset,0.00,1.0
swiftui-render-rotated-free-rrect,0.00,1.0
swiftui-render-rotated-free-rtxta,0.14,1.1
swiftui-render-rotated-free-rtxtf,0.14,1.1
swiftui-render-rotated-free-rtxts,0.14,1.1
swiftui-render-shadows-inner-ellipse,0.19,1.2
swiftui-render-shadows-inner-under-child,0.19,1.3
swiftui-render-shadows-inner-under-stroke,0.08,1.1
swiftui-render-shadows-outer-and-inner,0.19,0.7
swiftui-render-shadows-outer-frame-children,0.19,1.1
swiftui-render-shadows-outer-translucent,0.14,1.1
swiftui-render-shadows-two-outer,0.18,1.2
swiftui-render-sizeless-frames-clip,0.00,1.0
swiftui-render-sizeless-frames-explicit,0.00,1.0
swiftui-render-sizeless-frames-fitflex,0.00,1.0
swiftui-render-sizeless-frames-flex,0.00,1.0
swiftui-render-sizeless-frames-paint,0.01,0.5
swiftui-render-sizeless-frames-plain,0.00,1.0
swiftui-render-stroke-fills-ellipse-lin-h-outer,0.06,1.1
swiftui-render-stroke-fills-ellipse-uv-center,0.03,1.0
swiftui-render-stroke-fills-frame-perside-lin-h-inner,0.02,1.0
swiftui-render-stroke-fills-frame-perside-lin-h-outer,0.02,1.0
swiftui-render-stroke-fills-frame-perside-lin-h-unset,0.02,1.0
swiftui-render-stroke-fills-frame-perside-uv,0.00,1.0
swiftui-render-stroke-fills-frame-perside-uv-radius,0.00,1.0
swiftui-render-stroke-fills-path-lin-h-center,0.04,1.0
swiftui-render-stroke-fills-path-uv-center,0.02,1.0
swiftui-render-stroke-fills-rect-angular-center,0.05,1.0
swiftui-render-stroke-fills-rect-blend-multiply,0.01,1.0
swiftui-render-stroke-fills-rect-grad-opacity,0.02,1.0
swiftui-render-stroke-fills-rect-lin-h-center,0.03,1.0
swiftui-render-stroke-fills-rect-lin-h-center-filled,0.03,1.0
swiftui-render-stroke-fills-rect-lin-h-inner,0.03,1.0
swiftui-render-stroke-fills-rect-lin-h-outer,0.03,1.0
swiftui-render-stroke-fills-rect-lin-h-outer-radius,0.04,1.0
swiftui-render-stroke-fills-rect-lin-v-outer,0.02,1.0
swiftui-render-stroke-fills-rect-radial-center,0.02,1.0
swiftui-render-stroke-fills-rect-stack,0.03,1.0
swiftui-render-stroke-fills-rect-uv-center,0.00,1.0
swiftui-render-stroke-fills-rect-uv-fill-outer,0.00,1.0
swiftui-render-stroke-fills-rect-uv-fit-outer,0.00,1.0
swiftui-render-stroke-fills-rect-uv-inner,0.00,1.0
swiftui-render-stroke-fills-rect-uv-outer,0.00,1.0
swiftui-render-stroke-shadows-ellipse-outer,0.15,0.7
swiftui-render-stroke-shadows-frame-child-outer,0.09,0.6
swiftui-render-stroke-shadows-frame-perside-center,0.08,0.6
swiftui-render-stroke-shadows-frame-perside-outer,0.09,0.6
swiftui-render-stroke-shadows-inner-under-inner-stroke,0.00,0.5
swiftui-render-stroke-shadows-line-diagonal,0.01,0.5
swiftui-render-stroke-shadows-line-flat,0.00,0.5
swiftui-render-stroke-shadows-path-outer,0.10,0.6
swiftui-render-stroke-shadows-polygon-outer,0.12,0.6
swiftui-render-stroke-shadows-rect-center,0.08,0.6
swiftui-render-stroke-shadows-rect-inner,0.12,0.6
swiftui-render-stroke-shadows-rect-outer,0.09,0.6
swiftui-render-stroke-shadows-rect-round-outer,0.11,0.6
swiftui-render-stroke-shadows-rect-translucent-outer,0.09,0.6
swiftui-render-strokes-and-paths,0.03,1.0
swiftui-render-text,1.04,1.5
swiftui-render-text-fills-icon-grad,0.05,1.0
swiftui-render-text-fills-twin-angular,0.11,1.1
swiftui-render-text-fills-twin-blend-multiply,0.02,1.0
swiftui-render-text-fills-twin-grad-opacity,0.06,1.1
swiftui-render-text-fills-twin-image-fill,0.01,1.0
swiftui-render-text-fills-twin-image-fit,0.01,1.0
swiftui-render-text-fills-twin-image-stretch,0.01,1.1
swiftui-render-text-fills-twin-lin-diag,0.09,1.1
swiftui-render-text-fills-twin-lin-h,0.10,1.1
swiftui-render-text-fills-twin-radial,0.10,1.1
swiftui-render-text-fills-twin-stack-grad-solid,0.05,1.0
swiftui-render-text-fills-twin-stack-solid-grad,0.11,1.2
swiftui-render-text-fills-txt-lin-h-auto,0.03,1.0
swiftui-render-text-fills-txt-lin-h-fixed-center,0.01,1.0
swiftui-render-text-fills-txt-lin-h-fixed-left,0.01,1.0
swiftui-render-text-fills-txt-lin-h-ragged,0.03,1.0
swiftui-render-text-fills-txt-lin-v-auto,0.03,1.0
swiftui-render-text-fills-txt-lin-v-fwh-middle,0.02,1.0
swiftui-render-text-fills-txt-lin-v-fwh-top,0.02,1.0
swiftui-render-text-fills-txt-lin-v-multiline,0.04,1.0
swiftui-render-text-fills-txt-rotated,0.02,1.0
swiftui-render-text-line-height-auto-tight,0.94,1.9
swiftui-render-text-line-height-fixed-middle,0.79,1.1
swiftui-render-text-line-height-loose-wrap,1.05,2.1
swiftui-render-text-line-height-stacked,1.27,2.3
swiftui-render-text-line-height-tight-wrap,1.57,2.6
swiftui-render-text-shadows-text-inner,0.56,2.4
swiftui-render-text-shadows-text-inner-outer,1.66,2.3
swiftui-render-text-shadows-text-inner-soft,0.62,2.0
swiftui-render-text-shadows-text-inner-translucent,0.72,2.4
swiftui-render-text-shadows-text-inner-unfilled,1.02,2.8
swiftui-render-text-shadows-text-inner-wrap,2.03,3.0
swiftui-render-themed-numbers-themed-numbers-dark,0.64,2.9
swiftui-render-themed-numbers-themed-numbers-light,0.54,1.8
swiftui-render-transformed-free-flexabs,0.04,1.0
swiftui-render-transformed-free-flips,0.03,1.0
swiftui-render-transformed-free-grouped,0.01,1.0
swiftui-render-transformed-free-nested,0.00,1.0
swiftui-render-transforms-and-effects,0.31,1.9
swiftui-render-turned-fill-col-both-60,0.05,1.0
swiftui-render-turned-fill-col-cross-30,0.01,1.0
swiftui-render-turned-fill-col-main-30,0.07,1.0
swiftui-render-turned-fill-col-main-90,0.00,1.0
swiftui-render-turned-fill-row-both-30,0.10,1.0
swiftui-render-turned-fill-row-cross-30,0.04,1.0
swiftui-render-turned-fill-row-cross-90,0.00,1.0
swiftui-render-turned-fill-row-cross-fit-30,23.04,23.5
swiftui-render-turned-fill-row-main-30,0.10,1.0
swiftui-render-turned-fill-row-main-90,0.00,1.0
swiftui-render-turned-fill-row-main-center-30,0.12,1.0
swiftui-render-turned-fill-row-main-two-30,0.05,1.0
swiftui-swiftui-color-scheme-themed-mesh,0.46,1.4
swiftui-swiftui-color-scheme-themed-mesh-dark,0.46,1.4
swiftui-swiftui-color-scheme-themed-mesh-in-dark,0.46,1.4
swiftui-swiftui-color-scheme-unfilled,0.00,1.0
swiftui-swiftui-color-scheme-unfilled-in-dark,0.00,1.0
swiftui-text-natural-line-height,0.21,0.7
swiftui-woodcase-app-home-collection,0.88,1.4
swiftui-woodcase-app-home-collection-dark,0.90,1.4
swiftui-woodcase-app-lab,1.67,2.2
swiftui-woodcase-app-lab-dark,2.10,2.6
swiftui-woodcase-app-ratings,1.05,1.5
swiftui-woodcase-app-ratings-dark,0.95,1.4
swiftui-woodcase-app-settings,0.41,0.9
swiftui-woodcase-app-settings-compact,0.41,0.9
swiftui-woodcase-app-settings-compact-dark,0.44,0.9
swiftui-woodcase-app-settings-dark,0.44,0.9
swiftui-woodcase-app-usage-log,0.69,1.2
swiftui-woodcase-app-usage-log-dark,0.72,1.2
swiftui-woodcase-app-wishlist,1.82,2.3
swiftui-woodcase-app-wishlist-dark,1.67,2.2
TabBar,0.60,0.9
TextInput,0.22,0.5
